Page_Number,Search_Result_Number,Search_Result_Title,Search_Result_URL,Search_Result_Description
1,1,Elon Musk - Wikipedia,https://en.wikipedia.org/wiki/Elon_Musk,"He is the founder, CEO, CTO, and chief designer of SpaceX; early investor, CEO, and product architect of Tesla, Inc.; founder of The Boring Company; co-founder of Neuralink; and co-founder and initial co-chairman of OpenAI. A centibillionaire, Musk is one of the richest people in the world."
1,2,@elonmusk • Instagram photos and videos,https://www.instagram.com/elonmusk/,"Elon Musk Spotify playlist l.rip/elonmusk. Spotify's profile picture. Spotify. 309 posts · 334k followers · 1 following · Photo by @elonmusk on March 28, 2021."
1,3,Elon Musk - Forbes,https://www.forbes.com/profile/elon-musk/,"Elon Musk is working to revolutionize transportation both on Earth, through electric car maker Tesla - and in space, via rocket producer SpaceX. He owns 21% of ..."
1,4,Elon Musk - CNBC,https://www.cnbc.com/elon-musk/,"OneWeb CEO: Here's why our product is different than Elon Musk's SpaceX Starlink. 12:52 PM ET Thu, 25 March 2021. British electric vehicle firm Arrival sinks ..."
1,5,"Elon Musk: Tesla, SpaceX, and the Quest for a Fantastic ...",https://www.amazon.com/Elon-Musk-SpaceX-Fantastic-Future/dp/006230125X,"Elon Musk spotlights the technology and vision of Elon Musk, the renowned entrepreneur and innovator behind SpaceX, Tesla, and SolarCity, who sold one of his ..."
1,6,"Elon Musk - Tesla, Age & Family - Biography",https://www.biography.com/business-figure/elon-musk,"Elon Musk is a South African-born American entrepreneur and businessman who founded X.com in 1999 (which later became PayPal), ..."
1,7,Elon Musk | Tesla,https://www.tesla.com/elon-musk,"As the co-founder and CEO of Tesla, Elon leads all product design, engineering and global manufacturing of the company's electric vehicles, battery products and ..."
2,1,Elon Musk (@elonmusk) | Twitter,https://twitter.com/elonmusk?lang=en,The latest Tweets from Elon Musk (@elonmusk). Technoking of Tesla.
2,1,Elon Musk | Biography & Facts | Britannica,https://www.britannica.com/biography/Elon-Musk,"Elon Musk, (born June 28, 1971, Pretoria, South Africa), South African-born American entrepreneur who cofounded the electronic-payment firm PayPal and ..."
2,2,"Elon Musk: Latest Elon Musk News, Designation, Education ...",https://economictimes.indiatimes.com/panache/panache-people-101/elon-musk/profileshow/79257472.cms,SpaceX; Tesla; Neuralink; The Boring Company; SolarCity. Elon Musk's Journey so far ... After being introduced to computers at ...
2,3,"Latest News, Videos and Elon Musk Photos | Times of India",https://timesofindia.indiatimes.com/topic/Elon-Musk,"Latest Elon Musk News, Photos, Blogposts, Videos and Wallpapers. Explore Elon Musk profile at Times of India."
2,4,Elon Musk | Speaker | TED,https://www.ted.com/speakers/elon_musk,Elon Musk is the CEO and product architect of Tesla Motors and the CEO/CTO of Space Exploration Technologies (SpaceX).
2,5,"Elon Musk: Elon Musk Pictures, News Articles, Videos",https://gadgets.ndtv.com/tags/elon-musk,"Elon Musk Latest News on NDTV Gadgets 360. Find Elon Musk News Articles, Video Clips and Photos, Pictures on Elon Musk and see more latest updates, ..."
2,6,Elon Musk Bragged About Tesla And Did What He Rarely ...,https://www.ndtv.com/world-news/elon-musk-bragged-about-tesla-and-did-what-he-rarely-does-delete-a-tweet-2400004,"Does Tesla Inc. have the potential to be a $1 trillion company? It's a notion that got Elon Musk tweeting early Friday, only for the billionaire to do ..."
2,7,"Who is Elon Musk: Latest News on Elon Musk, Top News ...",https://www.business-standard.com/about/who-is-elon-musk,"Elon Musk is a South African-born American industrial engineer, entrepreneur, who co-founded Paypal and founded aerospace transportation services company ..."
2,8,SpaceX,https://www.spacex.com/,"SpaceX designs, manufactures and launches advanced rockets and spacecraft. The company was founded in 2002 to revolutionize space technology, with the ..."
3,1,Elon Musk - IMDb,https://www.imdb.com/name/nm1907769/,"Elon Musk, Actor: Machete Kills. Elon Musk was born on June 28, 1971 in Pretoria, South Africa as Elon Reeve Musk. He is an actor and producer, known for ..."
3,2,Elon Musk becomes world's richest person as wealth tops ...,https://www.bbc.com/news/technology-55578403,"Elon Musk becomes world's richest person as wealth tops $185bn ... Elon Musk has become the world's richest person, as his net worth crossed ..."
3,3,Buy Elon Musk: How the Billionaire CEO of SpaceX and Tesla ...,https://www.amazon.in/Elon-Musk-Billionaire-Spacex-Shaping/dp/0753555638,"South African born Elon Musk is the renowned entrepreneur and innovator behind PayPal, SpaceX, Tesla, and SolarCity. Musk wants to save our planet; ..."
3,4,8 Industries Being Disrupted By Elon Musk And His ...,https://www.cbinsights.com/research/report/elon-musk-companies-disruption/,CB Insights takes a look at the ways in which Elon Musk's companies are transforming virtually every industry. Read more on CB Insights.
3,5,Gravitas: The story of Elon Musk - YouTube,https://www.youtube.com/watch?v=o01cihKKLW4,"Elon musk has become the richest man in the world, surpassing Amazon boss Jeff Bezos. The 49-yr-old ..."
3,6,Latest News on Elon Musk | Read Breaking News on Zee News,https://zeenews.india.com/tags/elon-musk.html,Elon Musk - Get latest news on Elon Musk. Read Breaking News on Elon Musk updated and published at Zee News.
3,7,What happened to Elon Musk? - CNN,https://edition.cnn.com/2020/05/13/business/elon-musk-what-happened/index.html,"Elon Musk truly entered the public consciousness just over a decade ago, when Tesla was a quirky upstart putting batteries in the chassis of a ..."
3,8,Elon Musk - Product Architect & CEO @ Tesla - Crunchbase ...,https://www.crunchbase.com/person/elon-musk,"Website elonmusk.com; Twitter View on Twitter. Elon co-founded Tesla and continues to oversee the company's product strategy -- including the design, ..."
3,9,Elon Musk | Technology | The Guardian,https://www.theguardian.com/technology/elon-musk,Elon Musk · Elon Musk denies Teslas used for spying after China's military bans cars from bases · Elon Musk's Tesla lobbied UK to raise tax on ...
3,10,Carbon Removal At Gigaton Scale | XPRIZE Foundation,https://www.xprize.org/prizes/elonmusk,"Funded by Elon Musk and the Musk Foundation, this $100M competition is the largest incentive prize in history, an extraordinary milestone. Overview ..."
4,1,"Elon Musk | Latest News, Photos & Videos | WIRED",https://www.wired.com/tag/elon-musk/,"Find the latest Elon Musk news from WIRED. See related science and technology articles, photos, slideshows and videos."
4,2,How Elon Musk Became Elon Musk: Elon Musk's Early Years,https://www.investopedia.com/articles/personal-finance/061015/how-elon-musk-became-elon-musk.asp,Elon Musk is the charismatic founder and CEO of electric car maker Tesla as well as SpaceX and the Boring Company. · Born and raised in South ...
4,3,Elon Musk - CNET,https://www.cnet.com/tags/elon-musk/,Learn about Elon Musk on CNET. Read the most important product reviews and follow the tech news and more.
4,4,"Elon Musk: Business, Net worth, Family, Properties, Awards ...",https://www.news18.com/topics/elon-musk/,"Elon Reeve Musk is a business magnate, industrial designer, and engineer. He is the founder, CEO, CTO, and chief designer of SpaceX; early investor, CEO, ..."
4,5,Elon Musk - CEO of Tesla Motors and SpaceX (video) | Khan ...,https://www.khanacademy.org/college-careers-more/entrepreneurship2/interviews-entrepreneurs/copy-of-khan-academy-living-room-chats/v/elon-musk,"Whether it is Elon Musk, Mark Zuckerberg, Bill Gates, Steve Jobs, Larry Page, Sergei Brian, they all did ..."
4,6,Elon Musk Funds $100 Million XPrize For Pursuit Of New ...,https://www.npr.org/2021/02/08/965372754/elon-musk-funds-100-million-xprize-for-pursuit-of-new-carbon-removal-ideas,SpaceX owner and Tesla CEO Elon Musk is funding a $100 million competition to find innovative ways to remove carbon from the air or water.
4,7,Elon Musk News & Topics - Entrepreneur,https://www.entrepreneur.com/topic/elon-musk,"SpaceX and Tesla CEO Elon Musk saw his net worth jump 642% as millions of Americans struggled to keep their jobs. Justin Chan. Mar 24, 2021 · 2 min read."
4,8,Elon Musk - Mashable,https://mashable.com/category/elon-musk/,"Elon Musk explains why Tesla would never share data with China *or* the U.S.. Adam Rosenberg. Mar 21, 2021. It's not weird that you're suddenly thinking about ..."
4,9,"Elon Musk - latest news, breaking stories and comment - The ...",https://www.independent.co.uk/topic/elon-musk,Elon Musk says you can now buy a Tesla with a single bitcoin · Features · Visualising Elon Musk's vast wealth in four charts · <p>Elon Musk is the second richest ...
4,10,Elon Musk Recommends 12 Books that Changed his Life,https://fs.blog/2014/11/elon-musk-book-recommendations/,Elon Musk is arguably one of the greatest inventors on the planet. Read this to find out which books influenced his thinking the most and why.
5,1,Elon Musk | Latest & Breaking News on Elon Musk | Photos ...,https://www.moneycontrol.com/news/tags/elon-musk.html,"Ex-ISRO Chairman Madhavan Nair praises Elon Musk's business model, says India needs reusable Mar 22, 2021 08:39 AM IST ..."
5,2,Inside the minds of Elon Musk's fans - The Verge,https://www.theverge.com/2018/6/26/17505744/elon-musk-fans-tesla-spacex-fandom,"Elon Musk has an army of fans more suited to a pop star than a tech billionaire. Yet, while some CEOs maintain a Jobsian cult of personality ..."
5,3,Elon Musk - American Physical Society,https://www.aps.org/careers/physicists/profiles/musk.cfm,About Elon. Elon Musk Courtesy Brian Solis / bub.blicio.us. Interesting Highlights. Co-founder of PayPal; Works with NASA; Creates electric sports cars
5,4,Elon Musk Likes This EV Battery and It Costs Less—but the ...,https://www.wsj.com/articles/elon-musk-likes-this-ev-battery-and-it-costs-lessbut-the-u-s-isnt-sold-on-it-11616929201,"Elon Musk is a fan of LFP batteries, which Tesla uses in one version of its China-made Model 3 sedans. ... Mr. Musk, the Tesla Inc. TSLA -3.39% ..."
5,5,Elon Musk Boasts Tesla Will Be the Biggest Company in the ...,https://www.barrons.com/articles/elon-musk-boasts-tesla-will-be-the-biggest-company-in-the-world-or-not-51616857121,"Elon Musk took to Twitter to make quite a prediction about his electric vehicle company, Tesla. “I think there is a [greater than] 0% chance Tesla ..."
5,6,Elon Musk claims Tesla will be biggest in a few months on ...,https://www.indiatoday.in/technology/news/story/elon-musk-claims-tesla-will-be-biggest-in-a-few-months-on-twitter-later-deletes-tweet-1784263-2021-03-27,"Tesla CEO Elon Musk, who never minces his words on Twitter, has grabbed headlines once again because of tweets. Musk has been quite ..."
5,7,"Elon Musk News: Elon Musk Latest Updates, Photos and Videos",https://auto.hindustantimes.com/topic/elon-musk,"Elon Musk: Get Elon Musk News, Latest Updates, Photos and Videos across India and World. Also get all latest news updates from auto sector at ..."
5,8,Tesla CEO Elon Musk predicts company growth in tweet - The ...,https://www.washingtonpost.com/technology/2021/03/26/elon-musk-tesla-twitter/,"Elon Musk tweets, deletes brag that Tesla will be biggest company 'in a few months'. Shares tumbled after the CEO's Twitter posts, which have ..."
5,9,Elon Musk Tweets Tesla Will Be Bigger Than Apple 'In A Few ...,https://finance.yahoo.com/news/elon-musk-tweets-tesla-bigger-182254979.html,Tesla Inc (NASDAQ: TSLA) CEO Elon Musk on Friday suggested on Twitter that Tesla could soon be bigger than Apple Inc (NASDAQ: AAPL).
5,10,Elon Musk news | Dezeen,https://www.dezeen.com/tag/elon-musk/,"Design and technology news about entrepreneur Elon Musk including electric car brand Tesla, rocket venture SpaceX and tunnelling firm The Boring Company."
6,1,Elon Musk Deletes Tweet Implying Tesla Could Be Bigger ...,https://www.businessinsider.com/elon-musk-twitter-deleted-tweet-implying-company-bigger-than-apple-2021-3,"Tesla CEO Elon Musk deleted a tweet on Friday that implied Tesla would become a bigger company than Apple, the world's largest company, ..."
6,2,The Boring Company,https://www.boringcompany.com/,"The Boring Company constructs safe, fast-to-dig, and low-cost transportation, utility, and freight tunnels."
6,3,Agency finds that Elon Musk tweet violated federal labor law,https://apnews.com/article/business-elon-musk-laws-b9721a6e826e9652c08b64042e0db479,"DETROIT (AP) — Tesla CEO Elon Musk has tweeted his way into trouble with another federal agency, this time the National Labor Relations ..."
6,4,Elon Musk's Billion-Dollar Crusade to Stop the A.I. Apocalypse ...,https://www.vanityfair.com/news/2017/03/elon-musk-billion-dollar-crusade-to-stop-ai-space-x,"Elon Musk is famous for his futuristic gambles, but Silicon Valley's latest rush to embrace artificial intelligence scares him. And he thinks you ..."
6,5,Elon Musk | Financial Times,https://www.ft.com/topics/people/Elon_Musk,March 22 2021. Business school · Business School Briefing: FT Online MBA ranking; job titles · March 21 2021. Andrew Hill · The risks and rewards of Elon Musk's ...
6,6,Tesla CEO Elon Musk's Bitcoin Marketing Coup - CoinDesk,https://www.coindesk.com/elon-musk-bitcoin-tesla-marketing,"Elon Musk's Bitcoin Marketing Coup. By embracing bitcoiners, Tesla is likely to make more sales among that crowd even if they pay in fiat. Any ..."
6,7,Tesla employee's firing and Elon Musk tweet on union were ...,https://www.nytimes.com/2021/03/25/business/musk-labor-board.html,Elon Musk in 2019. The National Labor Relations Board ruled that a tweet with the phrase “why pay union dues & give up stock options for ...
6,8,elon musk | designboom.com,https://www.designboom.com/tag/elon-musk/,"the latest news and information from the multi-billionaire founder of electric car brand tesla, and entrepreneur elon musk."
6,9,"Elon Musk News: SpaceX, Tesla, Boring Company, OpenAI ...",https://elonmusknews.org/,Groundbreaking news about Elon Musk and his revolutionary companies.
6,10,"Elon Musk news, articles and features | New Scientist",https://www.newscientist.com/article-topic/elon-musk/,The rocket Elon Musk wants to send to Mars is almost ready to launch ... The first detailed look at how Elon Musk's space internet could work. The rescue ...
7,1,Elon Musk | Royal Society,https://royalsociety.org/people/elon-musk-13829/,"Biography. Elon Musk is the CEO and co-founder of SpaceX, Tesla, Neuralink and The Boring Company. As lead designer at SpaceX, Elon oversees the ..."
7,2,Throwback picture of Elon Musk and Jeff Bezos's meeting ...,https://indianexpress.com/article/trending/trending-globally/elon-musk-and-jeff-bezos-meeting-picture-7239433/,"A throwback picture of Tesla CEO Elon Musk and Amazon CEO Jeff Bezos's rare meeting has gone viral, creating a buzz online. The 2004 ..."
7,3,Elon Musk Archives > The Immigrant Learning Center,https://www.ilctr.org/entrepreneur-hof/elon-musk/,Elon Musk immigrated from South Africa at 17 and went on to found some of the biggest tech companies in the world.
7,4,Elon Musk - The Latest News from the UK and Around the ...,https://news.sky.com/topic/elon-musk-6730,Elon Musk has written many tweets endorsing Bitcoin - with Tesla recently investing $1.5 ... Elon Musk's Starlink in talks with UK to solve broadband problems.
7,5,"Elon Musk: Inventor's Plans for Outer Space, Cars, Finding ...",https://www.rollingstone.com/culture/culture-features/elon-musk-the-architect-of-tomorrow-120850/,"Elon Musk: The Architect of Tomorrow. Inside the inventor's world-changing plans to inhabit outer space, revolutionize high-speed transportation, ..."
7,6,"Elon Musk: Latest News, Videos, Slideshows & Photos ...",https://www.gadgetsnow.com/topic/Elon-Musk,"Latest Elon Musk News, Photos & Slideshows, Videos from Gadgets Now. Explore more about Elon Musk at Gadgets Now."
7,7,Elon Musk says SpaceX will land rockets on Mars 'well before ...,https://www.businessinsider.in/tech/news/elon-musk-says-spacex-will-land-rockets-on-mars-well-before-2030-and-that-his-european-rivals-are-aiming-too-low/articleshow/81672464.cms,"SpaceX expects to land Starship rockets on Mars ""well before 2030,"" Elon Musk tweeted. Musk's tweet was responding to an article about ..."
7,8,Elon Musk pronounciation| 'Vish i hed tichar lik u': Desi woman ...,https://www.timesnownews.com/the-buzz/article/desi-woman-pronounces-elon-musk-as-musk-melon-video-goes-viral/735707,Tesla CEO Elon Musk is a favourite on the internet. Any kind of news that pertaining him gets attention in a matter of seconds. Social media is ...
7,9,"Tesla can now be bought for bitcoin, Elon Musk says - The ...",https://www.thehindu.com/business/Industry/tesla-can-now-be-bought-for-bitcoin-elon-musk-says/article34151668.ece,"Bitcoin, the world's biggest digital currency, rose morethan 4% after Mr. Musk's tweet and was last trading at $56429."
7,10,Elon Musk: What to Know About the Visionary Billionaire ...,https://www.highsnobiety.com/tag/elon-musk/,"A 21st century visionary, multi-billionaire, businessman and entrepreneur, Elon Musk is held by Forbes at number one as the most innovative leaders in 2019."
8,1,Elon Musk | Category | Fox Business,https://www.foxbusiness.com/category/elon-musk,"Elon Musk, Miami mayor plot high-speed tunnel plans for city. Miami Mayor Francis ... Tesla must make Elon Musk delete 2018 anti-union tweet, NRLB rules."
8,2,Tesla must rehire fired worker and Elon Musk must delete anti ...,https://www.marketwatch.com/story/tesla-must-rehire-fired-worker-and-elon-musk-must-delete-anti-union-tweet-nlrb-rules-11616719410,The National Labor Relations Board on Thursday ordered Tesla Inc. to reinstate an employee it fired in 2017 and said Chief Executive Elon ...
8,3,Elon Musk Net Worth | Celebrity Net Worth,https://www.celebritynetworth.com/richest-businessmen/ceos/elon-musk-net-worth/,"Elon Musk Net Worth: Elon Musk is a South African-born Canadian-American businessman, inventor and investor who has a net worth of."
8,4,Elon Musk | Businessperson of the Year 2020 | Fortune,https://fortune.com/businessperson-of-the-year/2020/elon-musk/,"Is there anything Elon Musk can't do? The 49-year-old Tesla and SpaceX CEO (and Boring Co., Neuralink, and OpenAI cofounder—phew!) has seemingly ..."
8,5,Elon Musk - 9News - Latest news and headlines from ...,https://www.9news.com.au/elon-musk,"Elon Musk's net worth plunged last week as tech stocks got hammered and Tesla shares' stunning rise quickly unravelled. Billionaire 10:27am Mar 8, 2021."
8,6,Elon Musk's 2018 tweet threatening employees must be ...,https://www.businesstoday.in/current/corporate/elon-musk-2018-tweet-threatening-employees-must-be-deleted-us-labour-board/story/434934.html,Tesla Inc Chief Executive Officer Elon Musk's 2018 tweet threatening employees would lose their stock options if they formed a union was ...
8,7,Elon Musk News - Popular Mechanics,https://www.popularmechanics.com/elon-musk-latest-news/,"This is the latest news from the world of Elon Musk. ... Elon Musk: Glass Domes First, Then Terraform Mars · us space aerospace spacex · 10,000+ Nukes to ..."
8,8,Tesla and CEO Elon Musk punished by feds over 'illegal' anti ...,https://www.mercurynews.com/2021/03/26/tesla-and-ceo-elon-musk-punished-by-feds-over-illegal-anti-union-actions-at-fremont-plant,"Tesla broke labor law that protects union organizing, and CEO Elon Musk must delete an “unlawful” 2018 tweet that “coercively threatened” ..."
8,9,Tesla CEO Musk's anti-union tweet from 2018 must be deleted ...,https://www.reuters.com/article/us-tesla-nrlb-musk-idUSKBN2BH3BV,Tesla Inc Chief Executive Officer Elon Musk's 2018 tweet threatening employees would lose their stock options if they formed a union was ...
8,10,"Elon Musk - latest news, breaking stories and comment ...",https://www.standard.co.uk/topic/elon-musk,"Latest London news, business, sport, showbiz and entertainment from the London Evening Standard."
9,1,"Elon Musk's tweet may have violated labor laws, federal ...",https://ktla.com/news/nationworld/elon-musks-tweet-may-have-violated-labor-laws-federal-agency-says/,"Tesla CEO Elon Musk has tweeted his way into trouble with another federal agency, this time the National Labor Relations Board. The board on ..."
9,2,Elon Musk - BBC News,https://www.bbc.co.uk/news/topics/c302m85q53mt/elon-musk,Elon Musk announced his company would accept the virtual currency as payment for a new car. Read more.
9,3,Starlink,https://www.starlink.com/,"SpaceX is developing a low latency, broadband internet system to meet the needs of consumers across the globe. Enabled by a constellation of low Earth orbit ..."
9,4,Elon Musk Loses $15 Billion in a Day After Bitcoin Warning,https://www.bloombergquint.com/crypto/elon-musk-loses-15-billion-in-a-day-after-bitcoin-warning,"(Bloomberg) -- Elon Musk is no longer the world's richest person after Tesla Inc. shares slid 8.6% on Monday, wiping $15.2 billion from his net ..."
9,5,"Elon Musk busts Clubhouse limit, fans stream to YouTube, he ...",https://techcrunch.com/2021/01/31/elon-musk-goes-live-on-clubhouse-but-with-the-room-full-fans-stream-audio-on-youtube/,"Elon Musk, the founder of Tesla, SpaceX, and many other companies, has mastered the art of using Twitter to harness fans and promote ..."
9,6,elon musk - Inhabitat,https://inhabitat.com/tag/elon-musk/,"Will Elon Musk foray into affordable housing next? Earlier this week, he said on Twitter that The Boring Company..."
9,7,The Resume of Elon Musk - By Novorésumé,https://novoresume.com/career-blog/elon-musk-one-page-resume,All of the professional experience of Elon Musk summarized in only one-page resume. Create or update yours now using the same template.
9,8,"Elon Musk, the Rocket Man With a Sweet Ride | Science ...",https://www.smithsonianmag.com/science-nature/elon-musk-the-rocket-man-with-a-sweet-ride-136059680/,"Elon Musk, the Rocket Man With a Sweet Ride · The winner of the Smithsonian Ingenuity Award for technology hopes to launch a revolution with his spaceship and ..."
9,9,Elon Musk - The Telegraph,https://www.telegraph.co.uk/elon-musk/,UK's OneWeb battles Elon Musk in broadband space race. Fears are growing for OneWeb as Elon Musk's SpaceX makes rapid advances in the satellite ...
9,10,Bitcoin: this year I stand to make $200 million more than Elon ...,https://theconversation.com/bitcoin-this-year-i-stand-to-make-200-million-more-than-elon-musk-155469,Tesla spending billions on Bitcoin is bad news for the company's shareholders and for Elon Musk's admirers - not to mention the planet.
10,1,Elon Musk by Ashlee Vance | Audiobook | Audible.com,https://www.audible.com/pd/Elon-Musk-Audiobook/B00UX8ODPM,"Discover Elon Musk as it's meant to be heard, narrated by Fred Sanders. Free trial available!"
10,2,"Elon Musk tweets, deletes brag Tesla could be biggest ...",https://www.stuff.co.nz/business/world/300263857/elon-musk-tweets-deletes-brag-tesla-could-be-biggest-company-in-a-few-months,Tesla CEO Elon Musk and the board of the electric car company have been sued by a shareholder who accused Musk of violating his 2018 ...
10,3,'I am an alien': Elon Musk responds to Indian entrepreneur's ...,https://www.republicworld.com/world-news/us-news/i-am-an-alien-elon-musk-responds-to-indian-entrepreneurs-query-on-success.html,"After pushing up the prices of stocks of Bitcoin and Dogecoin, Tesla CEO, Elon Musk while responding to a question by an Indian entrepreneur ..."
10,4,Elon Musk shows off SpaceX's 1st Starship Super Heavy ...,https://www.space.com/spacex-first-super-heavy-booster-photo,SpaceX CEO Elon Musk showed off the company's first Starship Super Heavy booster in a Twitter post on Thursday (March 18).
10,5,Elon Musk did something somewhat rare for him: delete a tweet,https://www.iol.co.za/business-report/international/elon-musk-did-something-somewhat-rare-for-him-delete-a-tweet-6a854dc8-9016-513a-a877-64345615d10f,"Does Tesla have the potential to be a $1 trillion company? It's a notion that got Elon Musk tweeting early Friday, only for the billionaire to do ..."
10,6,"Elon Musk's other, not-so-secret battery could help Texas ...",https://www.japantimes.co.jp/opinion/2021/03/26/commentary/world-commentary/elon-musk-texas-batteries/,"Elon Musk is secretly building a giant battery in Texas. Ultimately, though, it's the other part of Tesla Inc. that could have a bigger impact there."
10,7,Elon Musk is the world's richest person. Is he giving his money ...,https://www.vox.com/recode/22221173/elon-musk-tesla-foundation-philanthropy-wealthiest-person,"The big decision before Elon Musk, now the richest person in the world. More scrutiny than ever will be on Musk's philanthropy. By Theodore ..."
10,8,"Elon Musk could be world's first trillionaire by 2025, predicts ...",https://www.cnbctv18.com/market/stocks/elon-musk-could-be-worlds-first-trillionaire-by-2025-predicts-asset-management-firm-8722521.htm,"Elon Musk could be world's first trillionaire by 2025, predicts asset-management firm. Updated : March 25, 2021 05:33 PM IST. Ark Invest Management expects ..."
10,9,"Who is Elon Musk, and what made him big? | Business ...",https://www.dw.com/en/who-is-elon-musk-and-what-made-him-big/a-53591199,"How did an awkward, nerdy boy from South Africa become a world-famous American engineering entrepreneur? Elon Musk's story is a lesson in ..."
10,10,Hiltzik: NLRB rules that Elon Musk is no friend of labor - Los ...,https://www.latimes.com/business/story/2021-03-26/nlrb-musk-tesla,"Column: Feds rule that Musk and Tesla are no friend to workers. Tesla CEO Elon Musk. Tesla's chief executive, Elon Musk, at the ..."
